"","Color","Sex","Yds/Min","Points","Year","HighScore","Org."
"1",1,3,1303.133,97,2015,1,1
"2",1,3,1301.9,93,2015,1,1
"3",1,2,1287.131,87,2015,1,1
"4",1,2,1286.938,83,2015,1,1
"5",1,2,1286.773,77,2015,2,1
"6",5,2,1286.54,72,2015,2,1
"7",5,2,1286.279,67,2015,2,1
"8",9,2,1286.224,62,2015,2,1
"9",1,2,1284.55,57,2015,2,1
"10",5,2,1284.146,52,2015,2,1
"11",5,3,1283.03,48,2015,2,1
"12",5,3,1282.934,42,2015,2,1
"13",1,2,1282.775,37,2015,2,1
"14",1,2,1282.458,32,2015,2,1
"15",1,2,1280.07,27,2015,2,1
"16",5,2,1279.713,22,2015,2,1
"17",1,3,1273.51,17,2015,2,1
"18",5,3,1272.933,11,2015,2,1
"19",5,2,1269.017,7,2015,2,1
"20",5,2,1258.302,36,2015,2,1
"21",5,2,1242.255,1,2015,2,1
"22",5,2,1225.283,1,2015,2,1
"23",2,2,1212.402,1,2015,2,1
"24",2,3,1205.108,1,2015,2,1
"25",9,2,1192.132,1,2015,2,1
"26",5,2,1188.845,1,2015,2,1
"27",5,2,1183.574,1,2015,2,1
"28",5,3,1151.659,1,2015,2,1
"29",1,2,1124.616,1,2015,2,1
"30",5,3,902.018,1,2015,2,1
"31",2,2,886.693,1,2015,2,1
"32",6,2,784.418,1,2015,2,1
"33",5,2,836.1,98,2014,1,1
"34",1,2,785.047,94,2014,1,1
"35",1,2,784.677,89,2014,1,1
"36",1,2,784.646,85,2014,1,1
"37",6,2,784.507,81,2014,1,1
"38",5,2,778.956,76,2014,2,1
"39",5,3,775.931,72,2014,2,1
"40",1,2,769.235,66,2014,2,1
"41",5,2,747.688,62,2014,2,1
"42",9,2,739.558,57,2014,2,1
"43",5,2,721.287,53,2014,2,1
"44",5,2,721.25,49,2014,2,1
"45",1,2,721.212,44,2014,2,1
"46",5,2,721.137,40,2014,2,1
"47",1,3,713.653,35,2014,2,1
"48",1,3,702.179,31,2014,2,1
"49",1,2,699.954,27,2014,2,1
"50",1,3,693.516,22,2014,2,1
"51",1,3,687.89,18,2014,2,1
"52",5,2,672.178,13,2014,2,1
"53",6,2,659.457,9,2014,2,1
"54",5,2,650.074,5,2014,2,1
"55",1,2,642.19,69,2014,2,1
"56",5,2,625.687,14,2014,2,1
"57",6,2,623.045,1,2014,2,1
"58",1,3,622.684,1,2014,2,1
"59",5,3,622.215,1,2014,2,1
"60",5,2,609,1,2014,2,1
"61",5,2,608.733,1,2014,2,1
"62",5,3,604.838,1,2014,2,1
"63",1,2,599.697,1,2014,2,1
"64",1,2,597.528,1,2014,2,1
"65",5,2,566.073,1,2014,2,1
"66",1,3,522.815,1,2014,2,1
"67",5,2,506.46,1,2014,2,1
"68",2,2,502.898,1,2014,2,1
"69",5,3,1240.828,99,2013,1,1
"70",5,3,1238.539,95,2013,1,1
"71",5,3,1238.283,92,2013,1,1
"72",1,2,1236.816,87,2013,1,1
"73",1,3,1222.633,84,2013,1,1
"74",1,3,1222.148,79,2013,2,1
"75",5,2,1221.976,76,2013,2,1
"76",5,3,1221.304,72,2013,2,1
"77",5,2,1220.664,68,2013,2,1
"78",5,2,1217.094,64,2013,2,1
"79",5,2,1216.279,61,2013,2,1
"80",5,3,1213.329,56,2013,2,1
"81",5,3,1213.083,53,2013,2,1
"82",5,2,1209.512,49,2013,2,1
"83",5,3,1207.172,45,2013,2,1
"84",1,2,1195.502,41,2013,2,1
"85",5,2,1190.074,38,2013,2,1
"86",1,2,1189.131,34,2013,2,1
"87",1,2,1184.618,30,2013,2,1
"88",1,2,1182.783,27,2013,2,1
"89",1,3,1164.573,22,2013,2,1
"90",5,3,1151.34,19,2013,2,1
"91",5,2,1146.554,15,2013,2,1
"92",9,3,1144.677,11,2013,2,1
"93",1,2,1144.608,7,2013,2,1
"94",1,2,1144.057,4,2013,2,1
"95",9,2,1143.581,58,2013,2,1
"96",5,3,1142.101,25,2013,2,1
"97",5,3,1138.884,1,2013,2,1
"98",5,3,1129.04,1,2013,2,1
"99",5,3,1128.731,1,2013,2,1
"100",5,1,1124.763,1,2013,2,1
"101",5,3,1112.858,1,2013,2,1
"102",1,2,1110.184,1,2013,2,1
"103",5,2,1095.507,1,2013,2,1
"104",7,2,1092.01,1,2013,2,1
"105",5,2,1087.401,1,2013,2,1
"106",5,2,1085.293,1,2013,2,1
"107",5,2,1057.253,1,2013,2,1
"108",5,1,996.544,1,2013,2,1
"109",5,3,989.267,1,2013,2,1
"110",5,1,677.056,1,2013,2,1
"111",1,1,1476.585,98,2012,1,1
"112",1,2,1458.229,94,2012,1,1
"113",1,2,1458.052,89,2012,1,1
"114",1,1,1457.041,86,2012,1,1
"115",5,3,1455.932,82,2012,1,1
"116",9,3,1439.496,77,2012,2,1
"117",5,3,1435.569,73,2012,2,1
"118",1,3,1435.402,68,2012,2,1
"119",6,2,1427.321,64,2012,2,1
"120",7,2,1425.547,61,2012,2,1
"121",1,2,1424.96,56,2012,2,1
"122",5,2,1418.246,52,2012,2,1
"123",5,3,1409.688,48,2012,2,1
"124",5,3,1403.904,43,2012,2,1
"125",1,3,1403.741,39,2012,2,1
"126",1,1,1403.516,34,2012,2,1
"127",5,3,1403.413,31,2012,2,1
"128",1,2,1403.25,27,2012,2,1
"129",1,1,1402.11,22,2012,2,1
"130",7,2,1400.471,18,2012,2,1
"131",5,2,1398.936,13,2012,2,1
"132",5,3,1394.974,9,2012,2,1
"133",5,2,1394.974,6,2012,2,1
"134",5,2,1394.692,80,2012,1,1
"135",1,2,1383.938,36,2012,2,1
"136",1,3,1377.737,1,2012,2,1
"137",1,3,1367.134,1,2012,2,1
"138",1,2,1365.707,1,2012,2,1
"139",5,2,1359.73,1,2012,2,1
"140",5,2,1351.263,1,2012,2,1
"141",5,2,1337.158,1,2012,2,1
"142",9,3,1328.248,1,2012,2,1
"143",5,2,1323.686,1,2012,2,1
"144",7,2,1321.905,1,2012,2,1
"145",5,2,1302.965,1,2012,2,1
"146",1,2,1295.512,1,2012,2,1
"147",5,3,1286.125,1,2012,2,1
"148",5,3,1234.292,1,2012,2,1
"149",5,2,1134.471,1,2012,2,1
"150",9,2,1303.65,99,2011,1,1
"151",6,3,1292.093,95,2011,1,1
"152",6,3,1290.844,92,2011,1,1
"153",6,3,1285.461,88,2011,1,1
"154",6,3,1272.421,84,2011,1,1
"155",1,2,1271.512,81,2011,1,1
"156",5,3,1227.491,77,2011,2,1
"157",5,2,1214.809,73,2011,2,1
"158",1,3,1213.725,70,2011,2,1
"159",9,2,1206.369,66,2011,2,1
"160",9,2,1205.136,62,2011,2,1
"161",7,2,1184.461,59,2011,2,1
"162",9,2,1181.347,55,2011,2,1
"163",1,2,1173.951,51,2011,2,1
"164",9,2,1173.451,48,2011,2,1
"165",1,3,1156.658,44,2011,2,1
"166",6,3,1153.936,40,2011,2,1
"167",1,3,1151.519,37,2011,2,1
"168",5,3,1149.229,33,2011,2,1
"169",7,2,1147.034,29,2011,2,1
"170",2,3,1142.792,26,2011,2,1
"171",5,3,1141.934,22,2011,2,1
"172",1,2,1135.583,18,2011,2,1
"173",6,2,1134.084,15,2011,2,1
"174",5,2,1132.208,11,2011,2,1
"175",9,2,1131.957,7,2011,2,1
"176",5,3,1127.242,4,2011,2,1
"177",8,3,1127.137,69,2011,2,1
"178",1,3,1125.777,25,2011,2,1
"179",8,3,1120.631,1,2011,2,1
"180",6,3,1116.879,1,2011,2,1
"181",7,3,1094.468,1,2011,2,1
"182",1,2,1092.454,2,2011,2,1
"183",1,2,1074.244,1,2011,2,1
"184",1,3,1072.683,1,2011,2,1
"185",6,2,1063.08,1,2011,2,1
"186",1,3,1053.338,1,2011,2,1
"187",6,2,1049.077,1,2011,2,1
"188",6,2,1045.961,1,2011,2,1
"189",1,2,1042.278,1,2011,2,1
"190",1,3,1036.068,1,2011,2,1
"191",6,2,1010.391,1,2011,2,1
"192",1,2,599.401,1,2011,2,1
"193",1,3,1491.291,100,2015,1,2
"194",1,3,1488.515,99,2015,1,2
"195",1,2,1487.759,97,2015,1,2
"196",6,3,1487.634,95,2015,1,2
"197",6,3,1483.963,93,2015,1,2
"198",6,3,1482.12,92,2015,1,2
"199",5,2,1442.989,89,2015,1,2
"200",1,2,1430.903,87,2015,1,2
"201",6,2,1425.466,85,2015,1,2
"202",2,3,1420.366,84,2015,1,2
"203",1,3,1418.876,82,2015,1,2
"204",6,2,1417.847,79,2015,2,2
"205",6,2,1417.504,78,2015,2,2
"206",2,2,1417.139,76,2015,2,2
"207",6,2,1411.493,74,2015,2,2
"208",6,2,1410.275,72,2015,2,2
"209",1,2,1406.567,71,2015,2,2
"210",5,3,1404.441,68,2015,2,2
"211",6,3,1399.616,66,2015,2,2
"212",6,3,1398.949,64,2015,2,2
"213",6,3,1398.837,63,2015,2,2
"214",6,3,1398.704,61,2015,2,2
"215",6,3,1398.17,59,2015,2,2
"216",1,3,1398.037,56,2015,2,2
"217",6,2,1397.126,55,2015,2,2
"218",1,2,1396.683,53,2015,2,2
"219",6,3,1395.796,51,2015,2,2
"220",1,3,1395.464,50,2015,2,2
"221",6,3,1390.108,48,2015,2,2
"222",1,2,1388.993,45,2015,2,2
"223",6,2,1387.911,43,2015,2,2
"224",2,2,1387.363,42,2015,2,2
"225",6,3,1386.052,40,2015,2,2
"226",6,2,1384.027,38,2015,2,2
"227",1,2,1383.528,35,2015,2,2
"228",6,3,1382.791,34,2015,2,2
"229",6,3,1381.752,32,2015,2,2
"230",1,2,1377.504,30,2015,2,2
"231",3,2,1374.87,29,2015,2,2
"232",1,2,1369.432,27,2015,2,2
"233",1,2,1368.758,24,2015,2,2
"234",1,2,1366.332,22,2015,2,2
"235",6,2,1366.192,21,2015,2,2
"236",6,2,1365.63,19,2015,2,2
"237",1,2,1365.163,17,2015,2,2
"238",6,3,1364.929,15,2015,2,2
"239",6,2,1364.817,13,2015,2,2
"240",12,3,1364.611,11,2015,2,2
"241",1,3,1364.293,9,2015,2,2
"242",6,2,1363.976,7,2015,2,2
"243",1,2,1356.3,6,2015,2,2
"244",1,3,1355.871,4,2015,2,2
"245",1,2,1355.734,80,2015,1,2
"246",1,2,1354.979,69,2015,2,2
"247",1,2,1354.294,47,2015,2,2
"248",6,2,1354.157,25,2015,2,2
"249",1,2,1353.468,3,2015,2,2
"250",6,2,1352.94,1,2015,2,2
"251",1,2,1343.148,1,2015,2,2
"252",1,2,1337.121,1,2015,2,2
"253",7,3,1314.664,1,2015,2,2
"254",6,2,1287.045,1,2015,2,2
"255",6,2,1161.114,1,2015,2,2
"256",5,2,1033.015,1,2015,2,2
"257",5,3,1431.523,100,2014,1,2
"258",1,2,1431.256,98,2014,1,2
"259",1,2,1430.702,96,2014,1,2
"260",1,2,1430.434,94,2014,1,2
"261",1,2,1430.263,92,2014,1,2
"262",6,2,1426.36,89,2014,1,2
"263",1,3,1407.127,87,2014,1,2
"264",1,2,1406.795,85,2014,1,2
"265",1,3,1406.611,83,2014,1,2
"266",6,2,1406.555,81,2014,1,2
"267",1,2,1405.909,78,2014,2,2
"268",6,2,1405.669,76,2014,2,2
"269",6,2,1405.043,74,2014,2,2
"270",6,2,1405.006,72,2014,2,2
"271",1,2,1404.122,70,2014,2,2
"272",1,2,1404.03,67,2014,2,2
"273",5,3,1403.078,65,2014,2,2
"274",1,3,1400.249,63,2014,2,2
"275",6,3,1400.195,61,2014,2,2
"276",1,2,1398.868,59,2014,2,2
"277",6,2,1398.632,56,2014,2,2
"278",1,2,1398.487,54,2014,2,2
"279",1,3,1397.165,52,2014,2,2
"280",6,2,1396.763,50,2014,2,2
"281",1,2,1396.129,48,2014,2,2
"282",5,3,1395.769,45,2014,2,2
"283",1,2,1392.028,43,2014,2,2
"284",1,2,1388.95,41,2014,2,2
"285",1,2,1388.27,39,2014,2,2
"286",5,3,1387.301,37,2014,2,2
"287",6,2,1380.498,34,2014,2,2
"288",6,3,1380.124,32,2014,2,2
"289",6,2,1379.763,30,2014,2,2
"290",1,2,1379.259,28,2014,2,2
"291",1,2,1378.572,26,2014,2,2
"292",12,2,1377.361,23,2014,2,2
"293",1,2,1376.195,21,2014,2,2
"294",6,2,1375.563,19,2014,2,2
"295",6,2,1375.107,17,2014,2,2
"296",1,2,1374.861,15,2014,2,2
"297",11,3,1368.459,12,2014,2,2
"298",6,3,1365.919,10,2014,2,2
"299",1,2,1365.719,8,2014,2,2
"300",6,3,1365.263,6,2014,2,2
"301",1,2,1364.717,4,2014,2,2
"302",6,2,1363.877,80,2014,1,2
"303",1,3,1363.863,58,2014,2,2
"304",1,2,1363.793,36,2014,2,2
"305",6,3,1363.743,14,2014,2,2
"306",6,3,1363.647,1,2014,2,2
"307",1,3,1357.487,1,2014,2,2
"308",5,3,1335.26,1,2014,2,2
"309",1,2,1281.393,1,2014,2,2
"310",6,2,1241.699,1,2014,2,2
"311",1,2,1338.774,101,2013,1,2
"312",1,3,1311.832,99,2013,1,2
"313",1,3,1311.736,98,2013,1,2
"314",1,3,1311.687,96,2013,1,2
"315",1,3,1310.116,95,2013,1,2
"316",1,3,1308.916,94,2013,1,2
"317",6,2,1301.193,92,2013,1,2
"318",6,3,1300.766,90,2013,1,2
"319",6,2,1299.82,88,2013,1,2
"320",6,2,1299.347,87,2013,1,2
"321",1,3,1292.857,85,2013,1,2
"322",1,2,1291.814,84,2013,1,2
"323",1,3,1291.549,83,2013,1,2
"324",6,3,1291.052,81,2013,1,2
"325",1,2,1290.212,79,2013,2,2
"326",1,3,1286.573,77,2013,2,2
"327",1,3,1280.363,76,2013,2,2
"328",1,3,1279.324,75,2013,2,2
"329",1,2,1279.141,73,2013,2,2
"330",6,2,1279.034,72,2013,2,2
"331",1,2,1278.423,70,2013,2,2
"332",1,2,1278.408,68,2013,2,2
"333",1,2,1277.92,66,2013,2,2
"334",1,2,1277.118,65,2013,2,2
"335",1,3,1270.588,64,2013,2,2
"336",6,2,1269.143,62,2013,2,2
"337",1,3,1268.467,61,2013,2,2
"338",6,2,1267.522,59,2013,2,2
"339",1,2,1267.507,57,2013,2,2
"340",1,3,1267.268,56,2013,2,2
"341",6,3,1267.058,54,2013,2,2
"342",6,2,1266.683,53,2013,2,2
"343",6,2,1266.369,51,2013,2,2
"344",1,2,1266.07,50,2013,2,2
"345",1,2,1265.711,48,2013,2,2
"346",1,2,1265.009,46,2013,2,2
"347",1,3,1264.546,45,2013,2,2
"348",6,2,1263.607,43,2013,2,2
"349",6,3,1261.412,42,2013,2,2
"350",1,2,1260.604,40,2013,2,2
"351",6,3,1260.471,39,2013,2,2
"352",6,2,1260.387,38,2013,2,2
"353",1,2,1260.279,35,2013,2,2
"354",1,2,1260.16,34,2013,2,2
"355",6,2,1260.13,32,2013,2,2
"356",1,2,1259.79,31,2013,2,2
"357",5,2,1259.775,29,2013,2,2
"358",1,3,1256.408,28,2013,2,2
"359",1,2,1253.205,27,2013,2,2
"360",6,2,1253.044,24,2013,2,2
"361",5,2,1252.195,23,2013,2,2
"362",6,2,1248.432,21,2013,2,2
"363",6,3,1245.145,20,2013,2,2
"364",6,2,1245.073,19,2013,2,2
"365",7,2,1241.324,17,2013,2,2
"366",6,3,1240.286,16,2013,2,2
"367",6,3,1238.267,13,2013,2,2
"368",6,2,1237.878,12,2013,2,2
"369",1,2,1236.662,10,2013,2,2
"370",1,3,1236.292,9,2013,2,2
"371",1,3,1236.206,8,2013,2,2
"372",1,2,1236.035,6,2013,2,2
"373",1,2,1234.683,5,2013,2,2
"374",1,2,1234.181,91,2013,1,2
"375",5,2,1233.993,80,2013,1,2
"376",1,2,1232.664,69,2013,2,2
"377",1,3,1231.948,47,2013,2,2
"378",6,3,1231.83,36,2013,2,2
"379",5,3,1231.235,14,2013,2,2
"380",5,2,1231.023,3,2013,2,2
"381",6,3,1230.953,1,2013,2,2
"382",9,2,1220.652,1,2013,2,2
"383",1,2,1207.287,1,2013,2,2
"384",1,3,1181.687,1,2013,2,2
"385",1,3,1147.746,1,2013,2,2
"386",6,3,793.405,2,2013,2,2
"387",6,3,778.636,1,2013,2,2
"388",6,2,1331.717,100,2012,1,2
"389",1,3,1329.08,97,2012,1,2
"390",1,2,1329.063,95,2012,1,2
"391",6,3,1314.395,93,2012,1,2
"392",6,3,1312.511,90,2012,1,2
"393",1,2,1285.699,87,2012,1,2
"394",1,3,1285.375,85,2012,1,2
"395",1,3,1285.298,83,2012,1,2
"396",1,2,1284.805,79,2012,2,2
"397",5,3,1276.831,77,2012,2,2
"398",6,2,1276.786,75,2012,2,2
"399",1,3,1276.65,73,2012,2,2
"400",1,3,1269.03,70,2012,2,2
"401",1,3,1268.61,67,2012,2,2
"402",1,3,1261.565,65,2012,2,2
"403",1,2,1260.769,62,2012,2,2
"404",1,3,1259.901,60,2012,2,2
"405",6,3,1255.366,57,2012,2,2
"406",1,2,1255.243,55,2012,2,2
"407",1,2,1249.13,52,2012,2,2
"408",1,3,1246.886,50,2012,2,2
"409",1,2,1246.48,48,2012,2,2
"410",1,3,1246.407,44,2012,2,2
"411",1,2,1239.815,42,2012,2,2
"412",6,3,1239.665,40,2012,2,2
"413",5,2,1239.335,38,2012,2,2
"414",1,3,1239.08,34,2012,2,2
"415",1,2,1236.286,32,2012,2,2
"416",1,2,1226.743,30,2012,2,2
"417",1,3,1225.047,28,2012,2,2
"418",1,2,1223.331,24,2012,2,2
"419",1,3,1220.629,22,2012,2,2
"420",1,3,1220.588,20,2012,2,2
"421",1,3,1220.367,17,2012,2,2
"422",6,3,1216.585,15,2012,2,2
"423",1,2,1216.281,12,2012,2,2
"424",1,3,1215.991,10,2012,2,2
"425",6,3,1214.696,7,2012,2,2
"426",6,3,1213.857,5,2012,2,2
"427",1,2,1207.049,91,2012,1,2
"428",9,3,1201.733,58,2012,2,2
"429",1,2,1200.69,36,2012,2,2
"430",5,3,1199.622,14,2012,2,2
"431",5,2,1198.216,1,2012,2,2
"432",6,3,1118.856,1,2012,2,2
"433",1,2,1102.176,1,2012,2,2
"434",1,2,931.453,1,2012,2,2
"435",1,3,1390.535,99,2011,1,2
"436",1,2,1390.355,95,2011,1,2
"437",1,3,1390.102,92,2011,1,2
"438",1,2,1390.03,87,2011,1,2
"439",1,2,1389.814,84,2011,1,2
"440",1,2,1376.463,79,2011,2,2
"441",1,2,1376.374,76,2011,2,2
"442",6,3,1375.88,72,2011,2,2
"443",1,2,1374.962,68,2011,2,2
"444",6,3,1374.697,64,2011,2,2
"445",1,3,1374.556,61,2011,2,2
"446",1,2,1373.675,56,2011,2,2
"447",6,3,1294.061,53,2011,2,2
"448",6,2,1272.847,49,2011,2,2
"449",6,3,1268.52,45,2011,2,2
"450",6,3,1254.022,41,2011,2,2
"451",1,3,1234.604,38,2011,2,2
"452",1,2,1225.794,33,2011,2,2
"453",1,3,1211.016,30,2011,2,2
"454",1,2,1210.941,26,2011,2,2
"455",1,2,1210.495,22,2011,2,2
"456",1,3,1207.839,18,2011,2,2
"457",5,2,1187.897,15,2011,2,2
"458",1,2,1182.175,10,2011,2,2
"459",7,3,1179.942,7,2011,2,2
"460",6,2,1179.887,91,2011,1,2
"461",1,2,1171.572,58,2011,2,2
"462",1,3,1157.753,14,2011,2,2
"463",5,3,1155.617,1,2011,2,2
"464",1,2,1107.925,1,2011,2,2
"465",1,3,1035.291,1,2011,2,2
"466",1,3,973.285,1,2011,2,2
"467",5,2,1223.309,96,2015,1,3
"468",5,3,1195.219,89,2015,1,3
"469",5,2,1190.738,83,2015,1,3
"470",5,3,1181.002,76,2015,2,3
"471",5,3,1177.276,71,2015,2,3
"472",5,2,1146.37,64,2015,2,3
"473",5,3,1130.723,57,2015,2,3
"474",5,2,1126.696,51,2015,2,3
"475",1,2,1115.891,44,2015,2,3
"476",5,3,1114.964,38,2015,2,3
"477",5,2,1114.605,31,2015,2,3
"478",5,1,1107.903,24,2015,2,3
"479",5,2,1097.665,19,2015,2,3
"480",5,2,1042.07,12,2015,2,3
"481",5,3,966.185,6,2015,2,3
"482",5,2,950.388,58,2015,2,3
"483",5,2,931.321,1,2015,2,3
"484",1,2,915.573,1,2015,2,3
"485",5,2,886.377,1,2015,2,3
"486",5,2,883.994,1,2015,2,3
"487",5,2,879.563,1,2015,2,3
"488",5,3,1121.262,94,2014,1,3
"489",1,3,1107.647,86,2014,1,3
"490",1,2,1102.957,77,2014,2,3
"491",1,2,1078.603,68,2014,2,3
"492",7,3,992.769,61,2014,2,3
"493",5,2,967.563,52,2014,2,3
"494",5,2,965.627,43,2014,2,3
"495",1,2,908.237,34,2014,2,3
"496",7,3,843.661,27,2014,2,3
"497",1,2,807.809,18,2014,2,3
"498",1,2,707.56,9,2014,2,3
"499",5,2,664.451,80,2014,1,3
"500",1,2,646.549,1,2014,2,3
"501",4,2,642.295,1,2014,2,3
"502",5,2,640.6,1,2014,2,3
"503",5,3,623.195,1,2014,2,3
"504",5,3,544.683,1,2014,2,3
"505",1,2,1237.481,96,2013,1,3
"506",1,2,1237.017,88,2013,1,3
"507",1,3,1234.005,82,2013,1,3
"508",1,2,1223.795,75,2013,2,3
"509",1,2,1223.092,67,2013,2,3
"510",1,2,1221.269,61,2013,2,3
"511",1,2,1221.129,54,2013,2,3
"512",5,3,1206.409,46,2013,2,3
"513",1,3,1200.76,40,2013,2,3
"514",1,3,1200.568,33,2013,2,3
"515",5,2,1197.634,26,2013,2,3
"516",5,3,1194.722,19,2013,2,3
"517",1,2,1190.276,12,2013,2,3
"518",1,2,1186.113,5,2013,2,3
"519",5,2,1154.859,47,2013,2,3
"520",5,3,1154.224,1,2013,2,3
"521",5,3,1148.305,1,2013,2,3
"522",5,3,1128.225,1,2013,2,3
"523",5,3,1124.883,1,2013,2,3
"524",5,2,1114.386,1,2013,2,3
"525",5,3,1089.671,1,2013,2,3
"526",5,2,1027.132,1,2013,2,3
"527",5,3,958.693,1,2013,2,3
"528",7,2,398.795,2,2013,2,3
"529",5,3,1552.811,98,2012,1,3
"530",5,2,1551.165,95,2012,1,3
"531",5,3,1550.736,90,2012,1,3
"532",5,3,1550.672,87,2012,1,3
"533",5,3,1549.736,83,2012,1,3
"534",5,3,1539.549,78,2012,2,3
"535",5,3,1539.09,75,2012,2,3
"536",5,3,1535.268,71,2012,2,3
"537",5,2,1517.249,67,2012,2,3
"538",5,2,1516.393,63,2012,2,3
"539",5,2,1510.359,59,2012,2,3
"540",5,3,1509.593,55,2012,2,3
"541",5,3,1509.471,51,2012,2,3
"542",5,2,1504.878,48,2012,2,3
"543",5,3,1504.87,43,2012,2,3
"544",5,3,1497.922,39,2012,2,3
"545",5,2,1497.647,35,2012,2,3
"546",5,2,1497.234,31,2012,2,3
"547",5,3,1496.731,28,2012,2,3
"548",5,2,1489.836,23,2012,2,3
"549",5,2,1488.981,19,2012,2,3
"550",5,2,1486.551,16,2012,2,3
"551",5,3,1485.839,11,2012,2,3
"552",5,2,1481.336,8,2012,2,3
"553",5,2,1481.089,4,2012,2,3
"554",5,2,1480.72,58,2012,2,3
"555",5,3,1475.516,25,2012,2,3
"556",5,2,1465.452,1,2012,2,3
"557",5,3,1458.406,1,2012,2,3
"558",5,2,1413.513,1,2012,2,3
"559",1,2,1303.39,1,2012,2,3
"560",5,2,1256.107,1,2012,2,3
"561",5,3,1496.433,99,2011,1,3
"562",5,2,1496.258,95,2011,1,3
"563",5,2,1496.083,92,2011,1,3
"564",5,3,1495.383,87,2011,1,3
"565",5,3,1492.593,84,2011,1,3
"566",5,2,1445.712,79,2011,2,3
"567",5,3,1445.385,76,2011,2,3
"568",5,2,1430.967,72,2011,2,3
"569",5,3,1430.889,68,2011,2,3
"570",5,3,1430.838,65,2011,2,3
"571",5,3,1430.453,61,2011,2,3
"572",5,3,1430.453,57,2011,2,3
"573",5,3,1430.453,53,2011,2,3
"574",5,2,1430.325,50,2011,2,3
"575",6,3,1427.217,45,2011,2,3
"576",6,3,1426.891,42,2011,2,3
"577",5,2,1426.564,38,2011,2,3
"578",1,3,1423.959,34,2011,2,3
"579",5,3,1417.525,30,2011,2,3
"580",5,3,1408.911,27,2011,2,3
"581",5,2,1405.227,23,2011,2,3
"582",5,3,1388.756,19,2011,2,3
"583",5,2,1382.843,16,2011,2,3
"584",5,3,1379.248,11,2011,2,3
"585",5,3,1378.495,8,2011,2,3
"586",5,2,1376.828,4,2011,2,3
"587",5,2,1375.805,69,2011,2,3
"588",5,3,1354.712,25,2011,2,3
"589",5,2,1352.413,1,2011,2,3
"590",5,3,1330.504,1,2011,2,3
"591",1,3,1294.666,1,2011,2,3
"592",5,3,1250.787,1,2011,2,3
"593",5,2,1168.213,1,2011,2,3
"594",6,3,1129.626,101,2015,1,4
"595",1,3,1129.314,100,2015,1,4
"596",6,2,1076.453,99,2015,1,4
"597",1,3,1070.604,98,2015,1,4
"598",5,2,1060.008,97,2015,1,4
"599",6,3,1056.663,96,2015,1,4
"600",1,3,1043.08,95,2015,1,4
"601",5,3,1042.44,93,2015,1,4
"602",1,3,1011.418,92,2015,1,4
"603",1,3,1010.461,90,2015,1,4
"604",6,2,996.876,89,2015,1,4
"605",6,2,996.697,88,2015,1,4
"606",1,2,991.521,87,2015,1,4
"607",6,3,989.756,86,2015,1,4
"608",1,3,986.316,85,2015,1,4
"609",1,2,985.491,84,2015,1,4
"610",5,2,984.892,83,2015,1,4
"611",5,3,983.696,82,2015,1,4
"612",5,2,982.964,81,2015,1,4
"613",5,3,982.801,79,2015,2,4
"614",1,3,982.003,78,2015,2,4
"615",1,3,981.689,76,2015,2,4
"616",1,2,981.244,75,2015,2,4
"617",1,3,981.19,74,2015,2,4
"618",1,3,980.596,73,2015,2,4
"619",6,2,979.866,72,2015,2,4
"620",1,3,972.027,71,2015,2,4
"621",5,2,969.498,70,2015,2,4
"622",1,3,969.116,68,2015,2,4
"623",5,3,968.581,67,2015,2,4
"624",5,3,967.664,66,2015,2,4
"625",5,2,966.979,65,2015,2,4
"626",5,3,966.218,64,2015,2,4
"627",5,2,966.066,63,2015,2,4
"628",1,2,965.914,62,2015,2,4
"629",5,2,965.762,60,2015,2,4
"630",5,2,965.61,59,2015,2,4
"631",5,3,965.458,57,2015,2,4
"632",11,3,965.382,56,2015,2,4
"633",5,2,965.23,55,2015,2,4
"634",9,3,965.154,54,2015,2,4
"635",5,3,964.826,53,2015,2,4
"636",1,3,964.446,52,2015,2,4
"637",5,2,963.11,51,2015,2,4
"638",7,3,958.189,50,2015,2,4
"639",7,2,957.885,49,2015,2,4
"640",5,2,957.383,48,2015,2,4
"641",1,2,957.134,46,2015,2,4
"642",5,2,952.274,45,2015,2,4
"643",5,2,952.196,43,2015,2,4
"644",5,3,952.117,42,2015,2,4
"645",5,3,950.726,41,2015,2,4
"646",7,3,950.517,40,2015,2,4
"647",5,2,950.484,39,2015,2,4
"648",5,2,949.04,38,2015,2,4
"649",5,3,948.307,37,2015,2,4
"650",5,3,948.014,35,2015,2,4
"651",1,2,945.16,34,2015,2,4
"652",5,2,944.638,33,2015,2,4
"653",6,2,944.092,32,2015,2,4
"654",6,2,938.618,31,2015,2,4
"655",5,2,936.922,30,2015,2,4
"656",5,3,936.765,29,2015,2,4
"657",7,2,936.765,27,2015,2,4
"658",5,2,936.607,26,2015,2,4
"659",1,3,931.726,24,2015,2,4
"660",1,2,930.536,23,2015,2,4
"661",1,3,927.478,22,2015,2,4
"662",1,3,924.035,21,2015,2,4
"663",5,3,923.892,20,2015,2,4
"664",1,3,920.166,19,2015,2,4
"665",1,2,919.542,18,2015,2,4
"666",5,2,919.135,17,2015,2,4
"667",5,2,919.059,16,2015,2,4
"668",5,3,918.525,15,2015,2,4
"669",5,3,916.668,13,2015,2,4
"670",5,2,911.661,12,2015,2,4
"671",5,3,911.393,10,2015,2,4
"672",1,3,911.286,9,2015,2,4
"673",5,3,905.921,8,2015,2,4
"674",5,2,905.771,7,2015,2,4
"675",5,3,903.943,6,2015,2,4
"676",5,3,902.032,5,2015,2,4
"677",1,2,894.164,4,2015,2,4
"678",6,2,894.02,91,2015,1,4
"679",5,3,893.261,80,2015,1,4
"680",5,3,886.831,69,2015,2,4
"681",1,3,879.872,58,2015,2,4
"682",1,2,879.807,47,2015,2,4
"683",5,2,877.837,36,2015,2,4
"684",5,2,877.196,25,2015,2,4
"685",9,2,873.86,3,2015,2,4
"686",5,3,873.797,1,2015,2,4
"687",5,2,873.608,1,2015,2,4
"688",5,2,839.232,1,2015,2,4
"689",7,2,826.224,1,2015,2,4
"690",1,3,1279.795,101,2014,1,4
"691",1,2,1279.795,100,2014,1,4
"692",9,2,1279.66,99,2014,1,4
"693",5,2,1279.525,97,2014,1,4
"694",1,2,1279.256,96,2014,1,4
"695",1,2,1278.987,95,2014,1,4
"696",1,2,1278.987,94,2014,1,4
"697",5,3,1278.045,93,2014,1,4
"698",6,3,1277.776,92,2014,1,4
"699",6,2,1277.641,90,2014,1,4
"700",1,3,1277.104,88,2014,1,4
"701",9,2,1276.701,87,2014,1,4
"702",5,3,1276.433,86,2014,1,4
"703",5,3,1276.031,85,2014,1,4
"704",5,2,1268.329,84,2014,1,4
"705",1,3,1268.067,83,2014,1,4
"706",5,3,1267.805,82,2014,1,4
"707",5,2,1267.674,79,2014,2,4
"708",5,3,1267.413,78,2014,2,4
"709",1,2,1267.02,77,2014,2,4
"710",5,2,1267.02,76,2014,2,4
"711",1,2,1266.889,75,2014,2,4
"712",1,2,1255.41,74,2014,2,4
"713",1,2,1235.664,73,2014,2,4
"714",1,2,1235.036,71,2014,2,4
"715",6,2,1235.036,70,2014,2,4
"716",1,3,1234.283,68,2014,2,4
"717",6,2,1233.907,67,2014,2,4
"718",5,2,1220.83,66,2014,2,4
"719",4,3,1218.07,65,2014,2,4
"720",5,2,1214.684,64,2014,2,4
"721",1,2,1204.425,62,2014,2,4
"722",1,2,1200.702,61,2014,2,4
"723",5,2,1200.702,60,2014,2,4
"724",5,2,1200.463,59,2014,2,4
"725",5,3,1189.423,57,2014,2,4
"726",5,2,1186.439,56,2014,2,4
"727",1,2,1186.177,55,2014,2,4
"728",5,2,1186.096,53,2014,2,4
"729",5,2,1186.096,52,2014,2,4
"730",5,3,1185.867,51,2014,2,4
"731",5,2,1185.295,50,2014,2,4
"732",1,2,1184.727,49,2014,2,4
"733",1,3,1184.417,48,2014,2,4
"734",5,2,1184.212,46,2014,2,4
"735",1,2,1184.096,44,2014,2,4
"736",9,2,1183.979,43,2014,2,4
"737",5,3,1183.979,42,2014,2,4
"738",1,2,1183.863,41,2014,2,4
"739",1,3,1182.899,40,2014,2,4
"740",1,3,1182.079,39,2014,2,4
"741",5,3,1181.26,38,2014,2,4
"742",1,3,1180.345,35,2014,2,4
"743",1,2,1179.044,34,2014,2,4
"744",5,2,1178.366,33,2014,2,4
"745",5,2,1177.351,32,2014,2,4
"746",5,2,1177.037,31,2014,2,4
"747",5,2,1177.013,30,2014,2,4
"748",5,2,1176.2,29,2014,2,4
"749",5,2,1173.307,28,2014,2,4
"750",5,3,1172.635,26,2014,2,4
"751",5,3,1168.715,24,2014,2,4
"752",5,3,1168.243,23,2014,2,4
"753",5,2,1168.008,22,2014,2,4
"754",5,3,1168.008,21,2014,2,4
"755",5,3,1167.654,20,2014,2,4
"756",7,3,1165.297,19,2014,2,4
"757",5,2,1164.567,17,2014,2,4
"758",5,2,1161.056,16,2014,2,4
"759",5,3,1160.354,15,2014,2,4
"760",5,2,1159.241,13,2014,2,4
"761",1,2,1158.361,12,2014,2,4
"762",5,3,1157.501,11,2014,2,4
"763",1,3,1156.954,10,2014,2,4
"764",9,2,1155.614,8,2014,2,4
"765",5,2,1154.845,7,2014,2,4
"766",5,3,1154.801,6,2014,2,4
"767",5,3,1154.681,5,2014,2,4
"768",7,2,1153.967,4,2014,2,4
"769",1,3,1151.27,91,2014,1,4
"770",5,2,1150.218,80,2014,1,4
"771",5,2,1149.682,58,2014,2,4
"772",6,3,1148.458,47,2014,2,4
"773",6,2,1142.696,36,2014,2,4
"774",6,3,1142.263,25,2014,2,4
"775",5,2,1140.76,14,2014,2,4
"776",5,2,1137.914,3,2014,2,4
"777",5,3,1137.832,1,2014,2,4
"778",5,2,1130.43,1,2014,2,4
"779",1,2,1117.685,1,2014,2,4
"780",6,2,1112.687,1,2014,2,4
"781",1,3,1107.286,1,2014,2,4
"782",5,2,1083.538,1,2014,2,4
"783",1,3,1080.126,1,2014,2,4
"784",1,3,1024.378,1,2014,2,4
"785",5,3,1016.375,1,2014,2,4
"786",5,2,983.906,1,2014,2,4
"787",1,2,504.197,1,2014,2,4
"788",1,3,1622.289,101,2013,1,4
"789",1,3,1621.645,100,2013,1,4
"790",1,3,1596.44,99,2013,1,4
"791",1,3,1591.699,98,2013,1,4
"792",1,3,1590.666,97,2013,1,4
"793",1,3,1579.242,96,2013,1,4
"794",1,3,1579.097,96,2013,1,4
"795",1,3,1579.097,95,2013,1,4
"796",1,3,1578.9,94,2013,1,4
"797",1,3,1578.748,93,2013,1,4
"798",1,2,1578.748,92,2013,1,4
"799",1,3,1578.225,90,2013,1,4
"800",7,2,1569.673,89,2013,1,4
"801",7,2,1568.639,88,2013,1,4
"802",1,3,1568.601,87,2013,1,4
"803",1,2,1563.784,86,2013,1,4
"804",1,2,1561.295,85,2013,1,4
"805",6,2,1552.138,84,2013,1,4
"806",6,2,1551.849,83,2013,1,4
"807",1,3,1550.31,82,2013,1,4
"808",1,2,1550.31,82,2013,1,4
"809",1,3,1542.598,81,2013,1,4
"810",1,2,1538.785,79,2013,2,4
"811",1,3,1530.076,78,2013,2,4
"812",5,2,1520.012,77,2013,2,4
"813",5,3,1519.562,76,2013,2,4
"814",1,2,1519.006,75,2013,2,4
"815",1,2,1514.78,74,2013,2,4
"816",1,3,1514.004,73,2013,2,4
"817",1,3,1513.737,72,2013,2,4
"818",1,3,1513.069,71,2013,2,4
"819",1,2,1512.316,70,2013,2,4
"820",1,3,1512.002,68,2013,2,4
"821",5,3,1509.408,68,2013,2,4
"822",1,2,1509.227,67,2013,2,4
"823",5,3,1505.724,66,2013,2,4
"824",5,3,1505.39,65,2013,2,4
"825",1,3,1504.222,64,2013,2,4
"826",1,2,1503.993,63,2013,2,4
"827",7,3,1503.889,62,2013,2,4
"828",1,2,1502.62,61,2013,2,4
"829",5,2,1502.484,60,2013,2,4
"830",1,2,1502.213,59,2013,2,4
"831",1,3,1501.892,57,2013,2,4
"832",7,2,1496.592,56,2013,2,4
"833",5,3,1496.262,55,2013,2,4
"834",5,2,1495.04,54,2013,2,4
"835",5,2,1495.04,54,2013,2,4
"836",5,2,1494.654,53,2013,2,4
"837",1,2,1493.135,52,2013,2,4
"838",5,3,1488.698,51,2013,2,4
"839",1,3,1487.25,50,2013,2,4
"840",5,3,1485.695,49,2013,2,4
"841",6,2,1485.664,48,2013,2,4
"842",5,3,1484.424,46,2013,2,4
"843",5,2,1484.061,45,2013,2,4
"844",4,3,1482.974,44,2013,2,4
"845",5,3,1482.974,43,2013,2,4
"846",5,3,1480.51,42,2013,2,4
"847",1,3,1479.817,41,2013,2,4
"848",5,3,1479.369,41,2013,2,4
"849",5,2,1475.983,40,2013,2,4
"850",5,2,1473.356,39,2013,2,4
"851",5,2,1473.356,38,2013,2,4
"852",5,2,1473.169,37,2013,2,4
"853",5,3,1472.982,35,2013,2,4
"854",1,2,1472.812,34,2013,2,4
"855",5,2,1472.794,33,2013,2,4
"856",5,2,1472.794,32,2013,2,4
"857",1,2,1467.924,31,2013,2,4
"858",5,3,1464.352,30,2013,2,4
"859",5,3,1462.259,29,2013,2,4
"860",6,3,1461.148,28,2013,2,4
"861",6,2,1460.604,27,2013,2,4
"862",5,3,1460.535,27,2013,2,4
"863",5,2,1460.351,26,2013,2,4
"864",5,3,1460.167,24,2013,2,4
"865",5,3,1460.167,23,2013,2,4
"866",7,3,1460.048,22,2013,2,4
"867",6,3,1459.923,21,2013,2,4
"868",5,2,1459.825,20,2013,2,4
"869",5,3,1459.431,19,2013,2,4
"870",5,3,1459.431,18,2013,2,4
"871",5,3,1459.063,17,2013,2,4
"872",5,2,1458.695,16,2013,2,4
"873",5,2,1457.676,15,2013,2,4
"874",5,2,1457.273,13,2013,2,4
"875",5,3,1457.225,13,2013,2,4
"876",1,2,1454.979,12,2013,2,4
"877",1,3,1453.601,11,2013,2,4
"878",1,2,1452.864,10,2013,2,4
"879",5,3,1452.773,9,2013,2,4
"880",5,2,1452.749,8,2013,2,4
"881",5,2,1451.947,7,2013,2,4
"882",5,2,1451.461,6,2013,2,4
"883",1,2,1451.142,5,2013,2,4
"884",5,3,1449.395,4,2013,2,4
"885",1,2,1448.324,91,2013,1,4
"886",1,2,1442.917,80,2013,1,4
"887",9,3,1442.748,69,2013,2,4
"888",1,2,1442.578,58,2013,2,4
"889",1,3,1441.73,58,2013,2,4
"890",5,2,1441.73,47,2013,2,4
"891",1,2,1441.646,36,2013,2,4
"892",5,3,1441.459,25,2013,2,4
"893",5,3,1441.29,14,2013,2,4
"894",7,3,1440.997,3,2013,2,4
"895",5,2,1440.481,1,2013,2,4
"896",5,2,1439.444,1,2013,2,4
"897",1,3,1435.425,1,2013,2,4
"898",5,2,1430.288,1,2013,2,4
"899",6,2,1429.907,1,2013,2,4
"900",5,2,1425.745,1,2013,2,4
"901",5,3,1399.939,1,2013,2,4
"902",5,2,1389.31,1,2013,2,4
"903",1,2,1370.06,1,2013,2,4
"904",1,2,1365.294,1,2013,2,4
"905",10,2,1338.621,1,2013,2,4
"906",5,3,1308.367,1,2013,2,4
"907",5,2,489.693,1,2013,2,4
"908",6,2,1018.583,101,2012,1,4
"909",1,3,985.497,100,2012,1,4
"910",7,3,980.137,99,2012,1,4
"911",1,3,974.992,99,2012,1,4
"912",1,3,974.862,98,2012,1,4
"913",1,2,974.786,97,2012,1,4
"914",5,2,974.634,96,2012,1,4
"915",6,3,972.427,95,2012,1,4
"916",5,2,963.928,94,2012,1,4
"917",6,3,959.922,94,2012,1,4
"918",1,2,949.198,93,2012,1,4
"919",7,3,945.572,92,2012,1,4
"920",9,2,945.365,90,2012,1,4
"921",1,3,944.152,89,2012,1,4
"922",6,3,943.975,88,2012,1,4
"923",5,3,936.443,88,2012,1,4
"924",6,2,935.892,87,2012,1,4
"925",6,2,930.56,86,2012,1,4
"926",1,3,926.734,85,2012,1,4
"927",1,2,925.184,84,2012,1,4
"928",5,3,922.833,83,2012,1,4
"929",1,2,916.361,83,2012,1,4
"930",7,3,914.817,82,2012,1,4
"931",5,3,912.725,81,2012,1,4
"932",1,3,911.909,79,2012,2,4
"933",5,2,911.853,78,2012,2,4
"934",1,3,909.657,77,2012,2,4
"935",1,2,909.432,77,2012,2,4
"936",6,2,904.984,76,2012,2,4
"937",1,2,904.332,75,2012,2,4
"938",5,3,902.066,74,2012,2,4
"939",1,3,901.538,73,2012,2,4
"940",5,2,900.622,72,2012,2,4
"941",1,2,900.573,71,2012,2,4
"942",1,2,900.514,71,2012,2,4
"943",5,3,897.661,70,2012,2,4
"944",1,2,884.425,68,2012,2,4
"945",5,3,882.039,67,2012,2,4
"946",5,3,881.214,66,2012,2,4
"947",1,3,879.228,65,2012,2,4
"948",5,2,876.925,65,2012,2,4
"949",5,2,876.149,64,2012,2,4
"950",1,2,875.817,63,2012,2,4
"951",5,2,875.817,62,2012,2,4
"952",1,2,875.419,61,2012,2,4
"953",5,3,872.247,60,2012,2,4
"954",5,2,870.119,60,2012,2,4
"955",5,2,869.814,59,2012,2,4
"956",5,2,869.749,57,2012,2,4
"957",5,2,868.985,56,2012,2,4
"958",5,2,868.917,55,2012,2,4
"959",5,3,867.726,54,2012,2,4
"960",5,2,866.818,54,2012,2,4
"961",5,2,866.677,53,2012,2,4
"962",5,2,866.677,52,2012,2,4
"963",5,3,864.046,51,2012,2,4
"964",1,2,862.436,50,2012,2,4
"965",5,3,860.489,49,2012,2,4
"966",1,3,859.936,49,2012,2,4
"967",5,3,858.293,48,2012,2,4
"968",5,3,853.863,46,2012,2,4
"969",5,2,853.535,45,2012,2,4
"970",1,2,852.826,44,2012,2,4
"971",9,3,851.994,43,2012,2,4
"972",1,3,849.05,42,2012,2,4
"973",5,2,848.935,42,2012,2,4
"974",1,3,847.252,41,2012,2,4
"975",5,3,845.75,40,2012,2,4
"976",5,2,839.836,39,2012,2,4
"977",5,3,837.657,38,2012,2,4
"978",1,2,837.63,37,2012,2,4
"979",5,2,837.551,37,2012,2,4
"980",1,3,831.803,35,2012,2,4
"981",5,2,831.746,34,2012,2,4
"982",7,3,830.362,33,2012,2,4
"983",5,3,829.456,32,2012,2,4
"984",1,2,828.393,31,2012,2,4
"985",5,2,828.037,31,2012,2,4
"986",9,3,827.978,30,2012,2,4
"987",5,2,827.741,29,2012,2,4
"988",5,2,827.504,28,2012,2,4
"989",5,2,827.445,27,2012,2,4
"990",5,2,827.314,26,2012,2,4
"991",5,3,826.794,26,2012,2,4
"992",1,2,826.617,24,2012,2,4
"993",6,3,824.641,23,2012,2,4
"994",1,2,819.757,22,2012,2,4
"995",5,3,818.435,21,2012,2,4
"996",5,2,817.097,20,2012,2,4
"997",5,3,816.639,19,2012,2,4
"998",1,2,816.578,19,2012,2,4
"999",5,2,815.582,18,2012,2,4
"1000",1,3,814.901,17,2012,2,4
"1001",5,2,814.858,16,2012,2,4
"1002",5,3,814.795,15,2012,2,4
"1003",5,2,814.731,13,2012,2,4
"1004",5,3,814.668,13,2012,2,4
"1005",5,3,814.219,12,2012,2,4
"1006",5,2,810.002,11,2012,2,4
"1007",9,3,809.881,10,2012,2,4
"1008",11,2,806.711,9,2012,2,4
"1009",5,2,803.776,8,2012,2,4
"1010",5,3,803.405,8,2012,2,4
"1011",5,2,802.721,7,2012,2,4
"1012",5,2,800.472,6,2012,2,4
"1013",5,2,799.942,5,2012,2,4
"1014",6,2,798.125,4,2012,2,4
"1015",5,3,797.025,91,2012,1,4
"1016",5,2,795.834,91,2012,1,4
"1017",6,3,793.013,80,2012,1,4
"1018",1,2,790.574,69,2012,2,4
"1019",7,3,790.368,58,2012,2,4
"1020",5,2,790.307,47,2012,2,4
"1021",5,2,789.901,36,2012,2,4
"1022",5,2,787.671,36,2012,2,4
"1023",1,2,785.627,25,2012,2,4
"1024",5,2,782.215,14,2012,2,4
"1025",1,2,776.047,3,2012,2,4
"1026",1,3,768.191,1,2012,2,4
"1027",5,3,766.951,1,2012,2,4
"1028",10,2,756.742,1,2012,2,4
"1029",1,3,727.03,1,2012,2,4
"1030",1,3,725.645,1,2012,2,4
"1031",1,2,714.309,1,2012,2,4
"1032",5,3,713.975,1,2012,2,4
"1033",5,2,699.779,1,2012,2,4
"1034",1,2,654.137,1,2012,2,4
"1035",5,3,574.296,1,2012,2,4
"1036",6,2,490.48,1,2012,2,4
"1037",5,2,1369.255,101,2011,1,4
"1038",1,3,1366.689,100,2011,1,4
"1039",6,2,1364.294,99,2011,1,4
"1040",7,2,1364.107,98,2011,1,4
"1041",6,2,1363.921,96,2011,1,4
"1042",1,3,1354.58,95,2011,1,4
"1043",6,3,1343.926,94,2011,1,4
"1044",9,2,1343.64,93,2011,1,4
"1045",1,2,1343.406,92,2011,1,4
"1046",5,2,1343.153,90,2011,1,4
"1047",1,2,1342.991,89,2011,1,4
"1048",5,2,1339.185,88,2011,1,4
"1049",6,2,1333.214,87,2011,1,4
"1050",1,3,1332.701,86,2011,1,4
"1051",6,2,1332.189,84,2011,1,4
"1052",6,3,1324.889,83,2011,1,4
"1053",1,3,1324.551,82,2011,1,4
"1054",6,2,1324.382,81,2011,1,4
"1055",1,3,1319.168,79,2011,2,4
"1056",6,3,1318.504,78,2011,2,4
"1057",1,2,1318.493,77,2011,2,4
"1058",1,2,1318.337,76,2011,2,4
"1059",1,3,1318.002,75,2011,2,4
"1060",6,3,1318.002,74,2011,2,4
"1061",1,3,1317.835,72,2011,2,4
"1062",1,3,1317.668,71,2011,2,4
"1063",1,2,1316.405,70,2011,2,4
"1064",5,2,1314.731,68,2011,2,4
"1065",5,2,1314.575,67,2011,2,4
"1066",5,2,1314.278,66,2011,2,4
"1067",6,3,1310.615,65,2011,2,4
"1068",1,2,1310.061,64,2011,2,4
"1069",1,2,1307.29,63,2011,2,4
"1070",3,2,1304.399,61,2011,2,4
"1071",1,2,1304.07,60,2011,2,4
"1072",5,2,1304.012,59,2011,2,4
"1073",6,3,1302.481,57,2011,2,4
"1074",1,3,1302.318,56,2011,2,4
"1075",1,3,1300.654,55,2011,2,4
"1076",5,2,1299.768,54,2011,2,4
"1077",6,2,1297.738,53,2011,2,4
"1078",5,3,1296.051,52,2011,2,4
"1079",1,2,1295.548,51,2011,2,4
"1080",6,2,1295.211,49,2011,2,4
"1081",6,2,1295.179,48,2011,2,4
"1082",7,3,1293.79,46,2011,2,4
"1083",6,3,1287.728,45,2011,2,4
"1084",5,2,1286.817,44,2011,2,4
"1085",6,3,1286.683,43,2011,2,4
"1086",5,3,1286.511,42,2011,2,4
"1087",5,2,1286.511,41,2011,2,4
"1088",5,2,1285.748,40,2011,2,4
"1089",5,2,1285.596,39,2011,2,4
"1090",1,2,1279.387,37,2011,2,4
"1091",5,3,1276.038,35,2011,2,4
"1092",1,2,1274.867,34,2011,2,4
"1093",1,3,1273.89,33,2011,2,4
"1094",5,3,1273.575,32,2011,2,4
"1095",1,3,1273.565,31,2011,2,4
"1096",1,3,1273.239,30,2011,2,4
"1097",1,2,1273.077,29,2011,2,4
"1098",7,3,1272.964,28,2011,2,4
"1099",5,3,1272.163,26,2011,2,4
"1100",5,2,1271.733,24,2011,2,4
"1101",1,2,1270.482,23,2011,2,4
"1102",5,2,1270.426,22,2011,2,4
"1103",6,2,1270.029,21,2011,2,4
"1104",1,2,1268.535,20,2011,2,4
"1105",1,2,1263.641,19,2011,2,4
"1106",6,2,1261.969,18,2011,2,4
"1107",1,3,1261.855,17,2011,2,4
"1108",1,3,1261.855,16,2011,2,4
"1109",5,3,1260.453,13,2011,2,4
"1110",5,2,1259.768,12,2011,2,4
"1111",6,3,1256.091,11,2011,2,4
"1112",1,2,1255.131,10,2011,2,4
"1113",9,2,1253.706,9,2011,2,4
"1114",1,3,1253.063,8,2011,2,4
"1115",5,2,1249.929,7,2011,2,4
"1116",7,2,1249.281,6,2011,2,4
"1117",1,2,1247.809,5,2011,2,4
"1118",5,2,1246.862,91,2011,1,4
"1119",1,2,1246.417,80,2011,1,4
"1120",5,2,1246.324,69,2011,2,4
"1121",5,2,1245.989,58,2011,2,4
"1122",11,3,1245.836,47,2011,2,4
"1123",5,3,1242.458,36,2011,2,4
"1124",7,2,1240.414,25,2011,2,4
"1125",7,3,1240.292,14,2011,2,4
"1126",6,2,1238.212,3,2011,2,4
"1127",5,3,1236.09,1,2011,2,4
"1128",1,2,1235.772,1,2011,2,4
"1129",6,2,1232.074,1,2011,2,4
"1130",1,3,1228.254,1,2011,2,4
"1131",1,2,1219.232,1,2011,2,4
"1132",1,3,1216.361,1,2011,2,4
"1133",7,2,1204.097,1,2011,2,4
"1134",5,2,1201.175,1,2011,2,4
"1135",1,2,1198.571,1,2011,2,4
"1136",5,2,1132.877,1,2011,2,4
"1137",9,3,1129.487,1,2011,2,4
"1138",5,2,1093.26,1,2011,2,4
"1139",1,2,1070.804,1,2011,2,4
"1140",1,3,990.137,1,2011,2,4
"1141",1,2,894.226,1,2011,2,4
"1142",9,3,827.757,1,2011,2,4
"1143",1,2,653.304,1,2011,2,4
"1144",6,3,1417.519,92,2015,1,5
"1145",9,2,1417.339,81,2015,1,5
"1146",5,2,1417.339,71,2015,2,5
"1147",1,2,1417.159,60,2015,2,5
"1148",1,2,1416.978,49,2015,2,5
"1149",9,3,1416.978,38,2015,2,5
"1150",1,2,1416.798,27,2015,2,5
"1151",1,2,1416.745,17,2015,2,5
"1152",7,2,1416.618,6,2015,2,5
"1153",7,2,1416.618,14,2015,2,5
"1154",5,3,1416.438,1,2015,2,5
"1155",7,2,1407.674,1,2015,2,5
"1156",5,2,1126.848,1,2015,2,5
"1157",1,2,960.374,1,2015,2,5
"1158",6,2,1008.097,93,2014,1,5
"1159",7,2,1007.996,83,2014,1,5
"1160",7,2,990.708,73,2014,2,5
"1161",7,3,986.476,63,2014,2,5
"1162",6,2,985.953,53,2014,2,5
"1163",1,3,970.506,42,2014,2,5
"1164",6,2,964.629,32,2014,2,5
"1165",10,2,956.897,22,2014,2,5
"1166",7,2,952.292,12,2014,2,5
"1167",1,2,940.962,91,2014,1,5
"1168",6,2,940.242,1,2014,2,5
"1169",6,2,661.643,1,2014,2,5
"1170",7,2,639.59,1,2014,2,5
"1171",6,2,508.971,1,2014,2,5
"1172",5,2,1201.42,96,2013,1,5
"1173",6,2,1201.291,88,2013,1,5
"1174",6,3,1200.773,82,2013,1,5
"1175",9,3,1200.644,74,2013,2,5
"1176",9,2,1196.974,67,2013,2,5
"1177",1,2,1192.006,60,2013,2,5
"1178",1,2,1190.304,53,2013,2,5
"1179",5,2,1188.24,45,2013,2,5
"1180",6,2,1187.946,39,2013,2,5
"1181",6,2,1187.211,31,2013,2,5
"1182",5,2,1186.917,24,2013,2,5
"1183",6,2,1185.777,17,2013,2,5
"1184",1,2,1185.22,10,2013,2,5
"1185",5,2,1183.842,91,2013,1,5
"1186",1,2,1161.202,25,2013,2,5
"1187",6,3,1150.71,1,2013,2,5
"1188",9,2,1130.535,1,2013,2,5
"1189",3,3,1116.647,1,2013,2,5
"1190",9,3,1116.531,1,2013,2,5
"1191",6,3,1071.381,1,2013,2,5
"1192",1,2,940.025,1,2013,2,5
"1193",1,3,862.635,1,2013,2,5
"1194",6,2,653.657,1,2013,2,5
"1195",1,2,1075.98,92,2012,1,5
"1196",5,3,1075.772,82,2012,1,5
"1197",6,3,1075.669,71,2012,2,5
"1198",1,2,1075.565,61,2012,2,5
"1199",6,2,1075.357,50,2012,2,5
"1200",1,2,1075.254,39,2012,2,5
"1201",5,2,1075.046,29,2012,2,5
"1202",1,2,1074.839,18,2012,2,5
"1203",1,2,1067.765,7,2012,2,5
"1204",5,2,1050.705,36,2012,2,5
"1205",1,2,1047.837,1,2012,2,5
"1206",1,2,1011.031,1,2012,2,5
"1207",1,2,987.723,1,2012,2,5
"1208",6,3,972.1,1,2012,2,5
"1209",5,2,971.022,1,2012,2,5
"1210",1,3,785.898,1,2012,2,5
"1211",5,2,338.872,1,2012,2,5
"1212",5,3,336.175,1,2012,2,5
"1213",6,2,1176.857,95,2011,1,5
"1214",5,3,1116.911,86,2011,1,5
"1215",5,3,1116.911,78,2011,2,5
"1216",6,2,1033.487,70,2011,2,5
"1217",5,2,1033.145,62,2011,2,5
"1218",7,2,1025.833,53,2011,2,5
"1219",1,2,1025.358,45,2011,2,5
"1220",6,2,1022.418,37,2011,2,5
"1221",1,2,1017.432,29,2011,2,5
"1222",5,2,1004.03,20,2011,2,5
"1223",6,2,1002.949,12,2011,2,5
"1224",1,2,995.003,4,2011,2,5
"1225",1,2,994.362,25,2011,2,5
"1226",1,2,931.763,1,2011,2,5
"1227",12,2,928.369,1,2011,2,5
"1228",9,2,841.15,1,2011,2,5
"1229",6,2,812.903,1,2011,2,5
